,GUIDE,qPCR,CONTROL,CHR,STRAND,TSS,LOCATION
0,GTGCCAAGTATAATGAGGAATGG,2.3363010254709597,1.07408184988177,5,1,33339840,33339761
1,TGTAGCATAGTCGTGTTTGGAGG,4.89750917126647,1.07408184988177,5,-1,33339840,33339816
2,CCAAGTGAGACTTCGGAAAAAGG,2.43288258386293,1.07408184988177,5,1,33339840,33339954
3,GAATGTGTATAAATCAGGCTTGG,0.196,1.335,1,1,6225526,6226109
4,CTCTGAAATCCACATCACCGTGG,-0.341,1.335,1,1,6225526,6226147
5,GTCACATTTCCACGGTGATGTGG,-0.40700000000000003,1.335,1,-1,6225526,6226156
6,AACAGAACTAATGCATTACGAGG,-0.2,2.83,12,-1,19958944,19959028
7,GCTTTTAACAGGACGAGACGAGG,0.09,2.83,12,-1,19958944,19959095
8,CTGATCACGGCTGAAGGACTCGG,-0.07,2.83,12,1,19958944,19959568
10,CCGCCGACAAAACCAACATGAGG,0.2469,1.8159999999999998,6,1,52675631,52675413
11,ACGGACAACTTTATTCACTCGGG,0.2586,1.8159999999999998,6,-1,52675631,52675470
12,TCGGATTTTAGGAGTGATTATGG,0.8043619650980299,1.24126586394557,8,1,8643866,8643923
13,CATTGGGTCTCGAGTCCCGGAGG,-0.053051120802300004,1.24126586394557,8,-1,8643866,8643978
14,TCAGGACGTGTTCTGACTAAAGG,-0.47608159213267,1.20121751383767,24,-1,21808829,21808547
15,ACGGGGACAACAGTCAATCTCGG,-0.61019468616677,1.20121751383767,24,1,21808829,21808736
16,GTGTAACTGGAATTCATGCGCGG,-0.6907423410914699,1.20121751383767,24,-1,21808829,21808802
17,CTTGCTAATTCTTGCAGTGCAGG,-0.18,2.53,2,1,16449509,16449310
18,TGCGCGTGGGGAAGAAGCAGAGG,4.22,2.53,2,-1,16449509,16449460
19,CGCACTTTCGCCGTCTACTACGG,1.07,2.53,2,1,16449509,16449502
20,GCTTTCACGAGCGAAGACTGAGG,-0.321,1.03,19,-1,47276298,47276038
22,CTCCGTCAGTAAGACTCCAGAGG,-0.4222,1.03,19,-1,47276298,47276281
23,CCTCCAGTCTGGAAACAACTGGG,2.43416713856466,1.5516106029671002,1,1,50538821,50538833
24,TTAGACAGAAAAGCATCCAGCGG,0.35073599636063,1.5516106029671002,1,1,50538821,50538990
25,GATTTCTGTTAAGTCTAACGGGG,-0.4761013700843,1.5516106029671002,1,-1,50538821,50539105
26,GCGCACTTCAGTCACGCGTCCGG,1.591026237,2.140615296,20,1,22221007,22220980
27,GGTCACTATTTCTGTCGGCAAGG,1.2962011070000001,2.140615296,20,1,22221007,22221036
28,CCAGCACTTCTGTCTGGCGATGG,0.80178129,2.140615296,20,1,22221007,22221196
29,GACACAAAATGTATTTAAGGGGG,-0.37790864973433,1.4219754489106597,6,-1,43426653,43426617
30,CAAGAACTGACCAGTCGTCTTGG,0.15912395597426998,1.4219754489106597,6,-1,43426653,43426669
31,GCTCGAGTACAGTCACTACCAGG,-0.27358692422484,1.4219754489106597,6,1,43426653,43426759
35,AACTGGGCGTGCAGTGGCGTGGG,-0.85,2.57,24,-1,36204130,36204034
36,CGTTTGTGTAAACATTCAGGAGG,-2.29,2.57,24,1,36204130,36204240
37,CTTGCAGTGCGGTGTCGTGCAGG,-1.81,2.57,24,-1,36204130,36204439
38,CTTCCAGTGGTAACCAGCGCTGG,-0.00116299854617,1.90920757417986,9,1,21976624,21976496
39,CCTCGAGCAATGGTGTGCAGAGG,1.62904829732443,1.90920757417986,9,1,21976624,21976576
40,TTAGCCGGTCTTTATGTCAGTGG,0.9403005336024,1.90920757417986,9,-1,21976624,21976657
44,TGTCACTTCACGTTCGGATGCGG,-0.314,2.6919999999999997,14,1,33044942,33044593
45,CTCCATTCGTCTTAGTACCGGGG,-0.32533,2.6919999999999997,14,-1,33044942,33044761
46,AAGTCAGAGGTATAGTGGGATGG,-0.679667,2.6919999999999997,14,-1,33044942,33044914
47,AGACGGGCTTGACGACGCGCGGG,0.44,2.21,6,1,40455056,40454697
48,TAGTCTAACTCGGTGGAAGCAGG,-1.61,2.21,6,-1,40455056,40454834
49,TTGCGTAATCTTGTGAGAGTCGG,-1.33,2.21,6,1,40455056,40455068
50,ATGACTTGACAGCGCACGCGCGG,5.618770697902599,1.07408184988177,13,1,7049242,7049198
51,AGTTATACTAATAGGACGAAAGG,4.32463382171846,1.07408184988177,13,1,7049242,7049339
52,GACATACCGAGGATGGGTAAAGG,6.627323825744329,1.07408184988177,13,-1,7049242,7049904
53,GTTGGAGCAATTGACCACGCAGG,1.2158883005409,1.0742388835694698,1,1,54425975,54425578
54,GGGTAACTGCTCCTGCACGGCGG,1.9091718677265,1.0742388835694698,1,-1,54425975,54425616
55,ATTGCGTCTAAGCGAAAACATGG,1.23337351460063,1.0742388835694698,1,-1,54425975,54425747
56,CGGTCAGAGGCGACACCACCGGG,-0.9359999999999999,0.965,5,-1,480092,484014
57,CAGGAGTTCCCCCGTCCACAGGG,-1.4880000000000002,0.965,5,1,480092,484099
58,AGTAGAAGGCCCCGAATGCGTGG,-0.8490000000000001,0.965,5,-1,480092,484209
59,TCACGTCCAAACCACCGGAGGGG,0.625,1.511,20,1,4050062,4049707
60,TCATCGGGCCATCCAGCAGCCGG,-0.508,1.511,20,1,4050062,4049763
61,CAGACCGAAGAAGATGATGGAGG,0.474,1.511,20,-1,4050062,4049839
62,ATCTGCCAGAGTTCGCGCGGTGG,0.41180517341227,0.9555364519577,24,-1,42004610,42004733
