,GUIDE,qPCR,CONTROL,CHR,STRAND,TSS,LOCATION
28,CCAGCACTTCTGTCTGGCGATGG,0.80178129,2.140615296,20,1,22221007,22221196
11,ACGGACAACTTTATTCACTCGGG,0.2586,1.8159999999999998,6,-1,52675631,52675470
12,TCGGATTTTAGGAGTGATTATGG,0.8043619650980299,1.24126586394557,8,1,8643866,8643923
60,TCATCGGGCCATCCAGCAGCCGG,-0.508,1.511,20,1,4050062,4049763
53,GTTGGAGCAATTGACCACGCAGG,1.2158883005409,1.0742388835694698,1,1,54425975,54425578
16,GTGTAACTGGAATTCATGCGCGG,-0.6907423410914699,1.20121751383767,24,-1,21808829,21808802
37,CTTGCAGTGCGGTGTCGTGCAGG,-1.81,2.57,24,-1,36204130,36204439
40,TTAGCCGGTCTTTATGTCAGTGG,0.9403005336024,1.90920757417986,9,-1,21976624,21976657
51,AGTTATACTAATAGGACGAAAGG,4.32463382171846,1.07408184988177,13,1,7049242,7049339
3,GAATGTGTATAAATCAGGCTTGG,0.196,1.335,1,1,6225526,6226109
17,CTTGCTAATTCTTGCAGTGCAGG,-0.18,2.53,2,1,16449509,16449310
